report_date,asset,avg_liquidity_ratio,turnover_usd,volatility_index
2025-01-01,BTC,1.8231,4050451.72,0.2925
2025-01-01,ETH,1.1571,33931790.99,0.5737
2025-01-01,SOL,2.2275,6651430.97,0.3953
2025-01-01,BNB,0.8477,12182794.94,0.4537
2025-01-01,XRP,0.8425,11351181.33,0.5549
2025-01-01,ADA,1.6719,12258506.13,0.5125
2025-01-01,DOT,2.0951,3272947.91,0.6641
2025-01-01,MATIC,1.917,17290521.69,0.2088
2025-01-02,BTC,2.3315,17136970.89,0.1649
2025-01-02,ETH,0.9547,38594763.39,0.5226
2025-01-02,SOL,2.0914,33648735.04,0.4754
2025-01-02,BNB,2.357,18898443.84,0.4864
2025-01-02,XRP,2.127,28977829.6,0.7032
2025-01-02,ADA,1.7238,32592017.12,0.1321
2025-01-02,DOT,1.1646,15154294.47,0.1559
2025-01-02,MATIC,1.1725,7242060.04,0.2946
2025-01-03,BTC,1.8171,18322951.52,0.3591
2025-01-03,ETH,1.1352,14213068.53,0.7557
2025-01-03,SOL,1.8369,28583502.24,0.2198
2025-01-03,BNB,1.9666,9862904.74,0.3656
2025-01-03,XRP,2.3832,29879989.91,0.4899
2025-01-03,ADA,1.8954,38399780.65,0.6432
2025-01-03,DOT,1.1665,4348210.24,0.3208
2025-01-03,MATIC,1.2284,11861279.43,0.76
2025-01-04,BTC,2.2022,16216470.99,0.5588
2025-01-04,ETH,1.433,41410998.77,0.4212
2025-01-04,SOL,1.2238,13358355.32,0.493
2025-01-04,BNB,1.2204,27552611.59,0.7285
2025-01-04,XRP,1.439,12211471.88,0.7983
2025-01-04,ADA,1.6152,6818195.31,0.133
2025-01-04,DOT,0.9754,29352733.75,0.6545
2025-01-04,MATIC,1.4755,5668163.66,0.3671
2025-01-05,BTC,2.3938,25222802.49,0.7798
2025-01-05,ETH,2.1772,3482202.92,0.6045
2025-01-05,SOL,1.8907,25552753.88,0.2868
2025-01-05,BNB,1.8255,7685191.29,0.4043
2025-01-05,XRP,1.526,43060268.96,0.7131
2025-01-05,ADA,1.2214,24024616.75,0.2251
2025-01-05,DOT,2.2602,39561779.93,0.3089
2025-01-05,MATIC,1.8223,28576748.88,0.207
2025-01-06,BTC,2.02,25653919.27,0.645
2025-01-06,ETH,1.6486,3024019.64,0.3269
2025-01-06,SOL,0.8312,42022141.88,0.7151
2025-01-06,BNB,2.1307,15915593.27,0.1405
2025-01-06,XRP,2.2048,42771876.7,0.16
2025-01-06,ADA,1.5776,5906925.78,0.6324
2025-01-06,DOT,2.0253,8392441.51,0.4327
2025-01-06,MATIC,1.6797,14132378.42,0.7107
2025-01-07,BTC,1.477,11895524.63,0.4775
2025-01-07,ETH,1.9679,11448344.66,0.3182
2025-01-07,SOL,2.3922,30294878.42,0.4067
2025-01-07,BNB,1.6281,8082176.23,0.2573
2025-01-07,XRP,1.3409,27708966.18,0.2611
2025-01-07,ADA,1.1523,5981709.61,0.5418
2025-01-07,DOT,1.1663,41027640.55,0.7017
2025-01-07,MATIC,0.9134,12996194.64,0.5683
2025-01-08,BTC,1.1428,8557097.65,0.7549
2025-01-08,ETH,1.7137,22852183.11,0.6492
2025-01-08,SOL,2.092,10997216.4,0.1679
2025-01-08,BNB,1.4897,20790302.17,0.4269
2025-01-08,XRP,1.9665,31281310.99,0.7889
2025-01-08,ADA,0.9575,19910093.85,0.3375
2025-01-08,DOT,2.1787,13443566.02,0.2331
2025-01-08,MATIC,1.5178,20719028.87,0.295
2025-01-09,BTC,1.1997,41777155.17,0.4102
2025-01-09,ETH,2.1782,26113663.12,0.1354
2025-01-09,SOL,2.3989,38113158.57,0.7783
2025-01-09,BNB,2.2822,38645220.85,0.2164
2025-01-09,XRP,1.577,11977386.57,0.3807
2025-01-09,ADA,0.8938,18916871.0,0.7897
2025-01-09,DOT,1.2243,35930965.28,0.4185
2025-01-09,MATIC,1.4768,43207340.92,0.7968
2025-01-10,BTC,1.6892,33173147.56,0.2084
2025-01-10,ETH,1.2747,43685793.33,0.5054
2025-01-10,SOL,1.6675,34414973.54,0.14
2025-01-10,BNB,1.7347,24119716.08,0.6969
2025-01-10,XRP,1.0519,43352713.94,0.1561
2025-01-10,ADA,1.0973,27991474.47,0.5726
2025-01-10,DOT,1.1763,8035237.79,0.7232
2025-01-10,MATIC,1.1939,27969804.45,0.5336
2025-01-11,BTC,1.4708,27514236.15,0.4659
2025-01-11,ETH,2.2955,11578886.38,0.6013
2025-01-11,SOL,1.1819,19623005.57,0.5702
2025-01-11,BNB,1.28,16279442.24,0.6263
2025-01-11,XRP,0.9161,22247991.95,0.7989
2025-01-11,ADA,2.3938,6076950.29,0.2492
2025-01-11,DOT,1.2243,42196893.88,0.7166
2025-01-11,MATIC,2.2068,18520137.73,0.2104
2025-01-12,BTC,2.134,32548676.85,0.5282
2025-01-12,ETH,2.3796,30467005.34,0.1055
2025-01-12,SOL,2.1074,15573907.59,0.5644
2025-01-12,BNB,2.3023,8640226.8,0.1808
2025-01-12,XRP,0.9713,26235392.92,0.2906
2025-01-12,ADA,1.7677,33139711.86,0.2425
2025-01-12,DOT,1.8148,14087323.87,0.442
2025-01-12,MATIC,2.2485,38536355.96,0.1646
2025-01-13,BTC,1.4777,14620569.41,0.1025
2025-01-13,ETH,2.0338,29758761.85,0.2834
2025-01-13,SOL,1.986,26170577.69,0.3994
2025-01-13,BNB,0.8155,6160242.12,0.7182
2025-01-13,XRP,2.2463,25914792.15,0.6842
2025-01-13,ADA,1.732,9219938.99,0.1892
2025-01-13,DOT,1.2932,40757222.53,0.6573
2025-01-13,MATIC,2.1771,40754834.73,0.2471
2025-01-14,BTC,1.1992,7317332.11,0.6461
2025-01-14,ETH,2.2146,20067850.37,0.5345
2025-01-14,SOL,1.0473,42055002.66,0.7052
2025-01-14,BNB,2.3619,37052412.24,0.717
2025-01-14,XRP,0.8397,33935707.81,0.3325
2025-01-14,ADA,2.2893,36693875.84,0.7048
2025-01-14,DOT,2.0972,14205839.8,0.6512
2025-01-14,MATIC,0.973,39631004.88,0.701
2025-01-15,BTC,1.1559,37296637.44,0.4222
2025-01-15,ETH,1.2883,36404510.96,0.2593
2025-01-15,SOL,0.8379,11111451.11,0.3298
2025-01-15,BNB,2.183,43609342.37,0.2954
2025-01-15,XRP,1.8264,19786492.14,0.7868
2025-01-15,ADA,1.6579,42447959.89,0.1807
2025-01-15,DOT,2.3526,10499848.28,0.7738
2025-01-15,MATIC,1.2247,7552906.98,0.4042
2025-01-16,BTC,1.9657,16174447.2,0.5243
2025-01-16,ETH,1.6183,19178208.2,0.5036
2025-01-16,SOL,1.2076,32768981.92,0.1012
2025-01-16,BNB,2.2809,25614983.88,0.6036
2025-01-16,XRP,1.9871,31166397.19,0.355
2025-01-16,ADA,0.912,30897982.77,0.3311
2025-01-16,DOT,1.3023,38616641.74,0.6038
2025-01-16,MATIC,1.2805,15989955.81,0.3859
2025-01-17,BTC,1.4438,15417518.51,0.1891
2025-01-17,ETH,1.4727,42495274.17,0.5741
2025-01-17,SOL,2.2445,28851626.47,0.3107
2025-01-17,BNB,1.6767,3017049.47,0.3008
2025-01-17,XRP,1.4878,27359360.81,0.5583
2025-01-17,ADA,1.544,21570711.57,0.2496
2025-01-17,DOT,1.5571,40849594.68,0.6572
2025-01-17,MATIC,1.0715,6561412.54,0.4608
2025-01-18,BTC,1.8127,17077906.73,0.6729
2025-01-18,ETH,2.0018,31257418.16,0.2572
2025-01-18,SOL,1.1186,4025866.28,0.2714
2025-01-18,BNB,1.5602,38688983.17,0.151
2025-01-18,XRP,1.4631,29450145.99,0.2361
2025-01-18,ADA,1.9142,23763841.1,0.2708
2025-01-18,DOT,1.8497,3232882.36,0.6257
2025-01-18,MATIC,2.0321,7476666.46,0.3976
2025-01-19,BTC,1.0814,43234573.78,0.4626
2025-01-19,ETH,0.8803,13466327.75,0.6938
2025-01-19,SOL,1.5303,36659497.27,0.5673
2025-01-19,BNB,2.3806,28008997.38,0.765
2025-01-19,XRP,2.2263,28731397.56,0.6035
2025-01-19,ADA,1.6076,37883905.13,0.4835
2025-01-19,DOT,2.2355,34233528.57,0.4323
2025-01-19,MATIC,1.2147,13384068.98,0.5464
2025-01-20,BTC,2.0253,24894592.14,0.5387
2025-01-20,ETH,1.2394,6254300.86,0.3
2025-01-20,SOL,1.2347,16427801.87,0.4781
2025-01-20,BNB,1.0214,12712982.15,0.5858
2025-01-20,XRP,1.9303,5697611.73,0.3853
2025-01-20,ADA,1.6682,20462517.83,0.2448
2025-01-20,DOT,1.4722,41003216.09,0.5089
2025-01-20,MATIC,1.9128,38982745.36,0.6359
2025-01-21,BTC,1.4086,3247635.51,0.3462
2025-01-21,ETH,2.0056,38844813.92,0.7674
2025-01-21,SOL,1.4704,34395658.1,0.4823
2025-01-21,BNB,1.7652,12262625.16,0.2536
2025-01-21,XRP,1.4973,4219042.44,0.3353
2025-01-21,ADA,1.8866,19981300.1,0.2155
2025-01-21,DOT,1.5478,8360367.49,0.5356
2025-01-21,MATIC,0.8431,19548850.77,0.4951
2025-01-22,BTC,0.8434,29995485.22,0.195
2025-01-22,ETH,1.5387,5111954.61,0.3654
2025-01-22,SOL,1.1387,16727523.81,0.6329
2025-01-22,BNB,1.4066,34584412.59,0.6823
2025-01-22,XRP,1.2036,6440061.78,0.1136
2025-01-22,ADA,1.6631,44996128.8,0.345
2025-01-22,DOT,1.8402,35811788.08,0.5562
2025-01-22,MATIC,2.0068,42883692.77,0.2396
2025-01-23,BTC,0.8326,9400058.52,0.1884
2025-01-23,ETH,1.8711,26686722.44,0.2526
2025-01-23,SOL,1.9191,35209720.13,0.2175
2025-01-23,BNB,1.7716,34412877.38,0.1802
2025-01-23,XRP,2.1109,43518272.47,0.1757
2025-01-23,ADA,0.8411,16102204.26,0.5741
2025-01-23,DOT,2.3331,19659486.54,0.6005
2025-01-23,MATIC,0.9216,32005805.47,0.5391
2025-01-24,BTC,0.963,35444197.17,0.6952
2025-01-24,ETH,1.7607,8084312.73,0.7887
2025-01-24,SOL,2.0522,17582558.14,0.3999
2025-01-24,BNB,1.3929,24250353.17,0.3389
2025-01-24,XRP,2.1593,37537898.56,0.1739
2025-01-24,ADA,2.3373,29694574.46,0.6801
2025-01-24,DOT,1.9317,21290460.09,0.6137
2025-01-24,MATIC,2.3448,14343460.65,0.6657
2025-01-25,BTC,1.6611,23306895.16,0.4049
2025-01-25,ETH,1.9696,14272612.6,0.6962
2025-01-25,SOL,2.1292,6639841.72,0.7171
2025-01-25,BNB,1.1902,22517755.6,0.5272
2025-01-25,XRP,1.4064,4205399.91,0.6957
2025-01-25,ADA,1.0909,11909033.71,0.6585
2025-01-25,DOT,1.3445,39973439.15,0.5908
2025-01-25,MATIC,1.242,3426346.81,0.7636
2025-01-26,BTC,0.937,33243135.89,0.442
2025-01-26,ETH,2.0131,32005592.26,0.5521
2025-01-26,SOL,1.5853,36303180.46,0.1651
2025-01-26,BNB,1.1546,32055060.52,0.3143
2025-01-26,XRP,1.7305,22876940.53,0.4716
2025-01-26,ADA,1.4808,34329288.34,0.3316
2025-01-26,DOT,1.9246,14378489.93,0.276
2025-01-26,MATIC,0.993,11088540.32,0.1837
2025-01-27,BTC,1.6574,35011963.6,0.2296
2025-01-27,ETH,1.1462,23336340.66,0.6072
2025-01-27,SOL,2.3626,25034748.5,0.2981
2025-01-27,BNB,0.9608,11152938.28,0.2592
2025-01-27,XRP,1.0871,3594231.42,0.4739
2025-01-27,ADA,1.2389,43920387.11,0.4874
2025-01-27,DOT,1.9159,8303738.7,0.7079
2025-01-27,MATIC,1.5854,39654228.87,0.5018
2025-01-28,BTC,1.551,21499689.52,0.2291
2025-01-28,ETH,0.8822,42524671.06,0.4344
2025-01-28,SOL,2.1154,19829712.57,0.1519
2025-01-28,BNB,1.8071,5251581.12,0.2044
2025-01-28,XRP,1.7005,15761091.5,0.7957
2025-01-28,ADA,0.9895,35106624.7,0.5244
2025-01-28,DOT,2.0652,12478859.76,0.4658
2025-01-28,MATIC,1.5208,21594282.17,0.7021
2025-01-29,BTC,2.3841,15825970.26,0.5347
2025-01-29,ETH,1.7754,34083750.83,0.7633
2025-01-29,SOL,1.1325,11863058.2,0.5623
2025-01-29,BNB,1.0513,10300169.03,0.1525
2025-01-29,XRP,0.8043,21921155.59,0.5157
2025-01-29,ADA,1.266,12722001.85,0.5949
2025-01-29,DOT,1.9248,22069315.71,0.5812
2025-01-29,MATIC,2.2783,36088777.12,0.5375
2025-01-30,BTC,1.8579,42214075.25,0.3976
2025-01-30,ETH,1.6713,30200658.38,0.7359
2025-01-30,SOL,2.1226,5999213.15,0.2161
2025-01-30,BNB,1.2922,34456224.33,0.4984
2025-01-30,XRP,1.2618,8222853.64,0.5821
2025-01-30,ADA,1.9196,42592402.11,0.4503
2025-01-30,DOT,1.5901,6378557.78,0.1279
2025-01-30,MATIC,1.4912,16537506.5,0.2753
2025-01-31,BTC,0.9461,43400266.29,0.6852
2025-01-31,ETH,1.7203,42933023.67,0.7997
2025-01-31,SOL,1.8757,14319463.09,0.1282
2025-01-31,BNB,2.01,22761034.58,0.5561
2025-01-31,XRP,2.2657,10622544.18,0.5097
2025-01-31,ADA,1.8157,23652483.69,0.1639
2025-01-31,DOT,1.3567,16998952.53,0.5691
2025-01-31,MATIC,2.1724,16851753.87,0.5856
2025-02-01,BTC,1.2611,42698128.66,0.6695
2025-02-01,ETH,1.6802,22102688.16,0.3202
2025-02-01,SOL,1.3172,43747758.53,0.3829
2025-02-01,BNB,1.6234,44501007.02,0.5604
2025-02-01,XRP,1.6681,20356397.97,0.2313
2025-02-01,ADA,1.3788,34770612.47,0.5378
2025-02-01,DOT,2.016,11549446.01,0.4845
2025-02-01,MATIC,2.2843,21400875.99,0.5888
2025-02-02,BTC,0.9943,43872166.26,0.5262
2025-02-02,ETH,1.1829,9651882.88,0.4856
2025-02-02,SOL,1.6836,6914786.45,0.7946
2025-02-02,BNB,2.2607,22380811.56,0.1822
2025-02-02,XRP,2.1314,23931771.2,0.6016
2025-02-02,ADA,1.6142,14483845.66,0.6843
2025-02-02,DOT,2.3684,13236698.06,0.4859
2025-02-02,MATIC,1.4137,41718462.3,0.4558
2025-02-03,BTC,2.2069,39289131.25,0.2934
2025-02-03,ETH,2.064,20427581.79,0.754
2025-02-03,SOL,1.6124,37463077.87,0.298
2025-02-03,BNB,1.2777,27651384.34,0.7992
2025-02-03,XRP,1.5834,9241007.57,0.477
2025-02-03,ADA,1.3522,26180531.52,0.4804
2025-02-03,DOT,1.5286,16514648.71,0.2321
2025-02-03,MATIC,1.916,27015500.96,0.2635
2025-02-04,BTC,2.0409,4833186.56,0.6213
2025-02-04,ETH,1.9284,37079173.91,0.3703
2025-02-04,SOL,1.8619,37471397.17,0.7866
2025-02-04,BNB,1.5925,4554823.68,0.4516
2025-02-04,XRP,1.7443,39527413.16,0.7119
2025-02-04,ADA,1.5045,25089945.65,0.4198
2025-02-04,DOT,1.9559,20219102.03,0.5583
2025-02-04,MATIC,1.047,22718605.24,0.7784
2025-02-05,BTC,1.3417,32093593.14,0.5549
2025-02-05,ETH,2.1628,38798336.14,0.7015
2025-02-05,SOL,1.408,16299768.47,0.6031
2025-02-05,BNB,2.015,39640086.73,0.1251
2025-02-05,XRP,0.9095,29508762.71,0.7447
2025-02-05,ADA,2.3959,34364187.4,0.4038
2025-02-05,DOT,0.9575,29617408.81,0.7108
2025-02-05,MATIC,1.5099,32148048.84,0.7324
2025-02-06,BTC,0.8736,36438025.54,0.3054
2025-02-06,ETH,1.3997,9113931.42,0.4718
2025-02-06,SOL,1.7055,36285817.9,0.219
2025-02-06,BNB,0.9263,39575263.14,0.5338
2025-02-06,XRP,1.1853,41338818.67,0.2002
2025-02-06,ADA,1.5378,13667048.26,0.2787
2025-02-06,DOT,0.815,36794589.23,0.7308
2025-02-06,MATIC,1.8842,9634976.13,0.4092
2025-02-07,BTC,1.3529,27678011.62,0.5473
2025-02-07,ETH,1.4789,13504125.43,0.6917
2025-02-07,SOL,1.1187,19157116.46,0.4382
2025-02-07,BNB,1.1795,27020753.08,0.5024
2025-02-07,XRP,2.3883,15399691.66,0.7846
2025-02-07,ADA,1.8532,14528175.97,0.4962
2025-02-07,DOT,1.8973,34276091.33,0.1343
2025-02-07,MATIC,1.7703,23862546.03,0.7329
2025-02-08,BTC,1.2579,36552125.02,0.5249
2025-02-08,ETH,1.3637,29737950.88,0.5346
2025-02-08,SOL,1.8844,33278991.82,0.5614
2025-02-08,BNB,2.1413,29386420.35,0.7324
2025-02-08,XRP,1.8341,15975181.13,0.4086
2025-02-08,ADA,1.7273,33759110.25,0.1631
2025-02-08,DOT,1.2722,34394196.33,0.2229
2025-02-08,MATIC,1.0115,25655125.88,0.78
2025-02-09,BTC,1.6494,41366452.93,0.6813
2025-02-09,ETH,1.2112,37636972.13,0.4373
2025-02-09,SOL,2.0904,34355492.73,0.3371
2025-02-09,BNB,0.9843,43441518.3,0.1985
2025-02-09,XRP,2.3464,39125905.07,0.607
2025-02-09,ADA,2.3679,43625329.39,0.6632
2025-02-09,DOT,1.3852,36208642.68,0.1097
2025-02-09,MATIC,1.6585,22101013.16,0.571
2025-02-10,BTC,1.8757,27551523.85,0.6757
2025-02-10,ETH,2.3045,7550536.29,0.2637
2025-02-10,SOL,0.84,40137863.5,0.493
2025-02-10,BNB,2.2644,12297422.4,0.1443
2025-02-10,XRP,2.1182,41194280.81,0.3115
2025-02-10,ADA,1.4533,8870634.53,0.7624
2025-02-10,DOT,1.287,23690234.0,0.168
2025-02-10,MATIC,2.2196,8697890.05,0.4176
2025-02-11,BTC,1.8728,34211885.1,0.7622
2025-02-11,ETH,1.4706,34175298.62,0.2082
2025-02-11,SOL,1.4638,7158908.66,0.4425
2025-02-11,BNB,1.453,42963904.07,0.1229
2025-02-11,XRP,1.3928,21622089.61,0.7654
2025-02-11,ADA,2.1687,7172894.23,0.58
2025-02-11,DOT,1.6711,44069386.24,0.3511
2025-02-11,MATIC,1.437,10971959.61,0.1855
2025-02-12,BTC,2.1569,22098129.48,0.5639
2025-02-12,ETH,1.8267,28080130.3,0.115
2025-02-12,SOL,2.0589,13229893.68,0.1881
2025-02-12,BNB,1.7033,5881626.42,0.6356
2025-02-12,XRP,1.1315,12069956.78,0.7088
2025-02-12,ADA,1.3257,9197275.56,0.7304
2025-02-12,DOT,0.8045,39053057.31,0.2013
2025-02-12,MATIC,1.008,13527476.26,0.2221
2025-02-13,BTC,1.8577,4082766.29,0.1104
2025-02-13,ETH,2.064,12993127.46,0.3266
2025-02-13,SOL,1.0788,5200758.75,0.6192
2025-02-13,BNB,1.6417,34317941.55,0.4334
2025-02-13,XRP,2.0448,24555994.22,0.1763
2025-02-13,ADA,1.6061,42707457.0,0.1304
2025-02-13,DOT,2.0532,39413198.13,0.465
2025-02-13,MATIC,1.5329,43489099.69,0.1426
2025-02-14,BTC,1.5664,19867924.69,0.5803
2025-02-14,ETH,1.5844,41207434.82,0.1514
2025-02-14,SOL,0.9293,28548491.79,0.146
2025-02-14,BNB,1.24,29589222.42,0.4838
2025-02-14,XRP,1.3203,44774365.75,0.4714
2025-02-14,ADA,1.5259,28427925.24,0.1694
2025-02-14,DOT,1.9228,38817294.97,0.5556
2025-02-14,MATIC,2.0303,33275276.5,0.2505
2025-02-15,BTC,1.5225,12596730.12,0.3373
2025-02-15,ETH,1.5256,20471565.31,0.1666
2025-02-15,SOL,1.4828,30934530.25,0.362
2025-02-15,BNB,1.0442,41765371.5,0.147
2025-02-15,XRP,2.1308,6915664.27,0.1676
2025-02-15,ADA,1.9821,37094309.98,0.4895
2025-02-15,DOT,1.7383,26586629.39,0.3308
2025-02-15,MATIC,0.9956,17851119.34,0.5657
2025-02-16,BTC,2.0005,39459870.25,0.6047
2025-02-16,ETH,2.3494,28217223.83,0.3462
2025-02-16,SOL,1.7247,11935029.84,0.5597
2025-02-16,BNB,1.1588,7545172.04,0.6918
2025-02-16,XRP,1.3881,35029436.54,0.5019
2025-02-16,ADA,2.0916,38496516.78,0.7822
2025-02-16,DOT,2.1095,28770077.78,0.5499
2025-02-16,MATIC,0.842,42021540.22,0.6806
2025-02-17,BTC,1.2279,10577475.02,0.5919
2025-02-17,ETH,1.2944,17272635.58,0.1043
2025-02-17,SOL,2.1918,26785485.98,0.3805
2025-02-17,BNB,1.027,29593224.53,0.1215
2025-02-17,XRP,1.9938,12035580.96,0.3939
2025-02-17,ADA,1.3454,18542229.88,0.6051
2025-02-17,DOT,2.0429,26838929.38,0.1595
2025-02-17,MATIC,0.8842,9611215.68,0.5325
2025-02-18,BTC,1.8783,14428319.43,0.5634
2025-02-18,ETH,1.5771,21565855.84,0.2912
2025-02-18,SOL,2.0079,7780335.34,0.4009
2025-02-18,BNB,1.2532,31496422.7,0.4406
2025-02-18,XRP,1.8674,4907529.23,0.3767
2025-02-18,ADA,1.7589,3322857.61,0.311
2025-02-18,DOT,1.138,8763861.82,0.2789
2025-02-18,MATIC,1.325,3324656.08,0.6229
2025-02-19,BTC,1.0811,18968712.72,0.5926
2025-02-19,ETH,1.6004,38000876.5,0.6643
2025-02-19,SOL,0.9153,39194103.2,0.1296
2025-02-19,BNB,0.83,41688822.25,0.7035
2025-02-19,XRP,1.7212,27082786.6,0.5966
2025-02-19,ADA,1.4683,7837281.65,0.1146
2025-02-19,DOT,1.3196,36655530.48,0.5327
2025-02-19,MATIC,2.1312,41630329.57,0.1617
2025-02-20,BTC,2.1512,13219291.94,0.5122
2025-02-20,ETH,1.6383,19622201.27,0.3172
2025-02-20,SOL,1.3432,16988882.14,0.2177
2025-02-20,BNB,1.6168,7789118.87,0.457
2025-02-20,XRP,2.2495,17673761.15,0.6092
2025-02-20,ADA,2.1103,37231554.24,0.2654
2025-02-20,DOT,1.0343,11285415.72,0.5217
2025-02-20,MATIC,2.0163,30531378.44,0.224
2025-02-21,BTC,2.0366,23752915.05,0.6281
2025-02-21,ETH,2.0158,21854020.79,0.7469
2025-02-21,SOL,1.7032,29682529.4,0.5372
2025-02-21,BNB,2.1828,29343131.09,0.2057
2025-02-21,XRP,0.9093,21572738.68,0.312
2025-02-21,ADA,1.2395,5359229.05,0.4551
2025-02-21,DOT,1.2967,21980382.28,0.1398
2025-02-21,MATIC,2.1307,6222702.05,0.705
2025-02-22,BTC,2.1685,28830352.31,0.4549
2025-02-22,ETH,1.5403,26281287.6,0.6543
2025-02-22,SOL,2.2334,21888815.55,0.6669
2025-02-22,BNB,1.8429,16504124.04,0.4329
2025-02-22,XRP,1.0414,5598695.4,0.1725
2025-02-22,ADA,2.2386,17424386.59,0.6
2025-02-22,DOT,1.6073,10247474.28,0.2734
2025-02-22,MATIC,1.5004,21455715.25,0.4659
2025-02-23,BTC,1.054,18659783.25,0.298
2025-02-23,ETH,1.454,17211420.17,0.5185
2025-02-23,SOL,2.0628,30186824.99,0.1461
2025-02-23,BNB,0.9512,31491932.48,0.2989
2025-02-23,XRP,1.958,30575691.63,0.7344
2025-02-23,ADA,2.1972,17001205.51,0.5079
2025-02-23,DOT,1.0263,17692473.08,0.7774
2025-02-23,MATIC,1.9176,19462235.34,0.5165
2025-02-24,BTC,2.3008,16002439.27,0.3637
2025-02-24,ETH,2.0667,37153760.92,0.5691
2025-02-24,SOL,2.1263,34028536.23,0.5798
2025-02-24,BNB,1.6422,30133042.47,0.3964
2025-02-24,XRP,1.3789,18229102.1,0.2262
2025-02-24,ADA,1.1427,42802067.24,0.4404
2025-02-24,DOT,1.1625,8777744.83,0.154
2025-02-24,MATIC,2.1511,7247912.07,0.6396
2025-02-25,BTC,2.1362,40114650.95,0.1264
2025-02-25,ETH,1.3388,35184919.39,0.1917
2025-02-25,SOL,1.4028,9814382.91,0.6819
2025-02-25,BNB,2.0338,36979836.22,0.2159
2025-02-25,XRP,1.5003,20256061.68,0.5735
2025-02-25,ADA,1.18,21656345.81,0.2994
2025-02-25,DOT,1.9977,21854974.45,0.4738
2025-02-25,MATIC,1.2951,36962202.59,0.4283
2025-02-26,BTC,2.1362,18449320.25,0.763
2025-02-26,ETH,2.3751,22390559.09,0.2972
2025-02-26,SOL,1.411,25153311.12,0.7764
2025-02-26,BNB,2.107,36652887.41,0.1969
2025-02-26,XRP,1.2,29929519.52,0.7119
2025-02-26,ADA,1.6873,7308768.73,0.6921
2025-02-26,DOT,2.1619,14972646.59,0.6342
2025-02-26,MATIC,1.2365,41022860.78,0.2031
2025-02-27,BTC,1.5,42749357.05,0.2554
2025-02-27,ETH,1.5218,17682573.28,0.1187
2025-02-27,SOL,0.8852,24084298.82,0.265
2025-02-27,BNB,2.3912,18746332.28,0.1197
2025-02-27,XRP,2.2893,38245404.08,0.555
2025-02-27,ADA,2.0662,8779182.68,0.3008
2025-02-27,DOT,2.1276,32235023.52,0.1972
2025-02-27,MATIC,1.9289,21841261.91,0.1037
2025-02-28,BTC,0.9268,13748804.99,0.6845
2025-02-28,ETH,1.6781,33543860.98,0.4694
2025-02-28,SOL,0.9779,15100266.28,0.3108
2025-02-28,BNB,0.8764,20632672.84,0.6557
2025-02-28,XRP,1.5314,7656031.6,0.7336
2025-02-28,ADA,1.7548,3690284.79,0.4608
2025-02-28,DOT,1.1871,9030227.29,0.4005
2025-02-28,MATIC,1.7837,13103698.03,0.3916
2025-03-01,BTC,1.863,6595786.11,0.7823
2025-03-01,ETH,0.9083,25094496.7,0.4551
2025-03-01,SOL,2.3813,26274382.0,0.3733
2025-03-01,BNB,1.5522,29698173.24,0.7867
2025-03-01,XRP,1.2058,3682173.71,0.652
2025-03-01,ADA,1.3517,33783522.9,0.5398
2025-03-01,DOT,2.0344,33877853.36,0.3328
2025-03-01,MATIC,0.8709,25932577.3,0.6695
2025-03-02,BTC,1.0801,35723988.93,0.4252
2025-03-02,ETH,1.9126,29532905.61,0.668
2025-03-02,SOL,0.901,35599996.79,0.4204
2025-03-02,BNB,1.2695,4839863.58,0.2396
2025-03-02,XRP,0.867,42201581.16,0.4608
2025-03-02,ADA,2.3826,25807289.3,0.2773
2025-03-02,DOT,2.0053,11026344.09,0.3499
2025-03-02,MATIC,2.0493,39363527.64,0.3323
2025-03-03,BTC,0.9992,18456805.32,0.7226
2025-03-03,ETH,1.9893,40574774.79,0.3707
2025-03-03,SOL,2.358,23840535.51,0.4483
2025-03-03,BNB,2.2789,24809585.85,0.6608
2025-03-03,XRP,1.9633,6314934.25,0.5217
2025-03-03,ADA,2.1157,25909924.69,0.3248
2025-03-03,DOT,0.9281,30758607.3,0.3145
2025-03-03,MATIC,1.7642,20896875.06,0.5828
2025-03-04,BTC,1.3625,4778916.84,0.709
2025-03-04,ETH,1.3641,44922325.11,0.2922
2025-03-04,SOL,2.368,42811983.9,0.1525
2025-03-04,BNB,1.82,18259067.49,0.6608
2025-03-04,XRP,1.8871,43017154.64,0.1999
2025-03-04,ADA,1.7721,35815102.73,0.1244
2025-03-04,DOT,0.9076,35697645.69,0.3564
2025-03-04,MATIC,1.4126,26824274.95,0.5236
2025-03-05,BTC,1.8865,42850588.23,0.3604
2025-03-05,ETH,2.0209,27104714.69,0.4706
2025-03-05,SOL,1.4369,30281550.94,0.2747
2025-03-05,BNB,0.9815,33898344.1,0.4493
2025-03-05,XRP,1.4192,26590253.85,0.2832
2025-03-05,ADA,1.2165,21743470.72,0.7975
2025-03-05,DOT,1.2569,41492114.2,0.4438
2025-03-05,MATIC,0.9962,38818704.2,0.4164
2025-03-06,BTC,2.2379,21694670.1,0.1615
2025-03-06,ETH,1.8911,38511891.2,0.3237
2025-03-06,SOL,1.3559,5727441.29,0.4795
2025-03-06,BNB,2.2261,38757206.13,0.5983
2025-03-06,XRP,2.2837,29783400.95,0.6556
2025-03-06,ADA,1.614,8097223.11,0.2407
2025-03-06,DOT,1.0222,36195668.55,0.1184
2025-03-06,MATIC,1.6864,18494268.95,0.6626
2025-03-07,BTC,1.6826,28701831.23,0.1604
2025-03-07,ETH,1.2949,44982991.85,0.6032
2025-03-07,SOL,1.6411,35304911.12,0.6763
2025-03-07,BNB,0.918,43839948.72,0.5496
2025-03-07,XRP,1.52,31564577.61,0.3412
2025-03-07,ADA,2.2047,35771043.01,0.5479
2025-03-07,DOT,1.0911,43583113.79,0.4028
2025-03-07,MATIC,2.2571,5327339.7,0.1869
2025-03-08,BTC,1.0448,9915597.36,0.3259
2025-03-08,ETH,1.9349,17532969.46,0.7586
2025-03-08,SOL,2.2319,38529215.66,0.2754
2025-03-08,BNB,1.8161,26135339.45,0.1876
2025-03-08,XRP,1.2845,25406077.25,0.4518
2025-03-08,ADA,1.0698,42547493.49,0.2079
2025-03-08,DOT,1.854,33266576.27,0.5236
2025-03-08,MATIC,2.148,26671957.45,0.6777
2025-03-09,BTC,0.8454,4909395.74,0.549
2025-03-09,ETH,1.7228,30347459.05,0.6369
2025-03-09,SOL,1.4665,29837630.07,0.4486
2025-03-09,BNB,1.8035,15166209.59,0.7697
2025-03-09,XRP,1.5727,36796902.48,0.5795
2025-03-09,ADA,1.2759,6064867.07,0.1419
2025-03-09,DOT,1.5034,23338547.46,0.2428
2025-03-09,MATIC,1.7707,16128464.97,0.6029
2025-03-10,BTC,1.9747,39152649.36,0.7828
2025-03-10,ETH,1.0092,18562688.32,0.4932
2025-03-10,SOL,1.3106,22591847.82,0.2872
2025-03-10,BNB,1.1967,7066089.41,0.3031
2025-03-10,XRP,1.4146,28845852.65,0.2738
2025-03-10,ADA,2.1845,9707385.81,0.3292
2025-03-10,DOT,1.7243,16134026.68,0.6342
2025-03-10,MATIC,1.5972,24618443.25,0.4491
2025-03-11,BTC,1.2937,3973404.53,0.7617
2025-03-11,ETH,1.6087,43600838.48,0.2506
2025-03-11,SOL,1.3646,5122696.99,0.4464
2025-03-11,BNB,2.2117,30478921.55,0.4294
2025-03-11,XRP,1.6587,38581239.35,0.4016
2025-03-11,ADA,2.2119,33555338.66,0.6347
2025-03-11,DOT,1.3855,19824428.08,0.4992
2025-03-11,MATIC,1.1114,26235362.92,0.1515
2025-03-12,BTC,1.6068,35104972.82,0.2958
2025-03-12,ETH,2.3825,31576742.88,0.1832
2025-03-12,SOL,2.3601,19543955.93,0.6564
2025-03-12,BNB,1.3425,42435839.81,0.6285
2025-03-12,XRP,1.1185,24383145.68,0.4501
2025-03-12,ADA,0.8725,8755527.69,0.3331
2025-03-12,DOT,1.558,22193519.49,0.5244
2025-03-12,MATIC,1.6248,16774565.6,0.5291
2025-03-13,BTC,1.06,44605860.98,0.6175
2025-03-13,ETH,1.2788,17127684.99,0.6798
2025-03-13,SOL,1.6517,32767071.87,0.3099
2025-03-13,BNB,2.1052,18471028.01,0.5717
2025-03-13,XRP,2.3678,27515489.96,0.6577
2025-03-13,ADA,1.9605,31897833.35,0.1187
2025-03-13,DOT,1.5593,43616969.24,0.648
2025-03-13,MATIC,2.0419,27260644.63,0.605
2025-03-14,BTC,1.7336,10161506.59,0.5403
2025-03-14,ETH,1.7916,38329019.25,0.2034
2025-03-14,SOL,1.8892,4325961.56,0.7637
2025-03-14,BNB,0.9758,3795369.44,0.3196
2025-03-14,XRP,1.0423,32001010.96,0.3873
2025-03-14,ADA,2.04,41661879.9,0.711
2025-03-14,DOT,1.9773,5615814.01,0.1967
2025-03-14,MATIC,1.1317,16652080.45,0.5636
2025-03-15,BTC,1.6408,16177609.15,0.2212
2025-03-15,ETH,2.2594,17377734.74,0.348
2025-03-15,SOL,2.0352,33278831.58,0.5503
2025-03-15,BNB,1.9093,28623216.36,0.2346
2025-03-15,XRP,1.1944,26439639.33,0.2574
2025-03-15,ADA,2.3567,15499811.74,0.3023
2025-03-15,DOT,1.1316,32609506.91,0.3219
2025-03-15,MATIC,1.3581,42215415.74,0.6568
2025-03-16,BTC,1.2375,8118712.44,0.5736
2025-03-16,ETH,1.4075,44166742.57,0.6729
2025-03-16,SOL,2.3274,36793865.03,0.3033
2025-03-16,BNB,1.2602,32993934.07,0.3425
2025-03-16,XRP,1.5078,13770646.97,0.4354
2025-03-16,ADA,1.1233,25620272.8,0.7531
2025-03-16,DOT,1.9139,8765464.1,0.531
2025-03-16,MATIC,1.7389,13183237.61,0.5689
2025-03-17,BTC,1.6497,29793672.08,0.1367
2025-03-17,ETH,1.4613,33129038.36,0.1704
2025-03-17,SOL,2.0332,3217620.75,0.4852
2025-03-17,BNB,2.2866,20090112.96,0.7545
2025-03-17,XRP,2.2054,23052837.86,0.2396
2025-03-17,ADA,2.3423,16489043.49,0.5521
2025-03-17,DOT,2.2527,6757350.26,0.5019
2025-03-17,MATIC,1.6562,33370942.49,0.7557
2025-03-18,BTC,2.2612,10352720.57,0.7176
2025-03-18,ETH,1.0813,41624662.1,0.798
2025-03-18,SOL,1.4352,23806123.69,0.7556
2025-03-18,BNB,2.3394,41893667.31,0.7137
2025-03-18,XRP,0.8148,26854398.48,0.1751
2025-03-18,ADA,2.3728,14951589.4,0.7924
2025-03-18,DOT,1.6693,23744321.65,0.757
2025-03-18,MATIC,2.1617,22656872.3,0.235
2025-03-19,BTC,0.9802,9824759.03,0.4212
2025-03-19,ETH,1.2116,10820360.9,0.6156
2025-03-19,SOL,2.0652,26846811.34,0.6301
2025-03-19,BNB,1.0808,38958153.18,0.7279
2025-03-19,XRP,2.1232,24641787.68,0.1607
2025-03-19,ADA,1.8708,10760810.44,0.1984
2025-03-19,DOT,1.3178,13417977.51,0.2825
2025-03-19,MATIC,1.1768,34657779.37,0.7678
2025-03-20,BTC,1.2831,33361066.19,0.108
2025-03-20,ETH,1.8459,32096280.8,0.1435
2025-03-20,SOL,0.9892,15885866.36,0.3838
2025-03-20,BNB,1.604,40594971.53,0.5925
2025-03-20,XRP,1.2976,7931461.33,0.7413
2025-03-20,ADA,1.2721,28814268.82,0.2534
2025-03-20,DOT,1.0137,9433793.72,0.6234
2025-03-20,MATIC,1.7692,20465515.85,0.4845
2025-03-21,BTC,1.5533,25575742.88,0.5649
2025-03-21,ETH,1.1495,13393548.03,0.6283
2025-03-21,SOL,2.197,6438552.87,0.4127
2025-03-21,BNB,1.926,6280314.33,0.4949
2025-03-21,XRP,0.8988,26001268.45,0.4538
2025-03-21,ADA,1.7163,9293800.02,0.3297
2025-03-21,DOT,1.6325,7882080.93,0.2438
2025-03-21,MATIC,1.733,6819549.07,0.4573
2025-03-22,BTC,2.0939,22044156.61,0.4593
2025-03-22,ETH,1.5309,5424944.8,0.4237
2025-03-22,SOL,2.0911,33377763.35,0.3772
2025-03-22,BNB,2.1063,34323788.28,0.5048
2025-03-22,XRP,0.8725,17470212.4,0.1446
2025-03-22,ADA,2.3906,42252477.55,0.1483
2025-03-22,DOT,2.294,4332864.58,0.3862
2025-03-22,MATIC,2.0304,35164762.68,0.7848
2025-03-23,BTC,1.8334,20655201.43,0.795
2025-03-23,ETH,1.412,39524051.98,0.7347
2025-03-23,SOL,1.401,31674674.87,0.5633
2025-03-23,BNB,1.6629,30448432.13,0.3434
2025-03-23,XRP,1.0856,25564856.43,0.4702
2025-03-23,ADA,1.9646,12352989.07,0.1024
2025-03-23,DOT,0.8364,15531245.53,0.5714
2025-03-23,MATIC,1.6711,25341211.56,0.6764
2025-03-24,BTC,1.196,17538708.87,0.293
2025-03-24,ETH,2.2999,33451005.73,0.179
2025-03-24,SOL,2.0952,20608105.14,0.6362
2025-03-24,BNB,2.214,3657123.45,0.2443
2025-03-24,XRP,0.9614,4410203.58,0.5184
2025-03-24,ADA,1.9253,5044405.49,0.6184
2025-03-24,DOT,1.4436,12842249.7,0.2521
2025-03-24,MATIC,2.182,5370649.47,0.4527
2025-03-25,BTC,1.2628,37263022.78,0.6121
2025-03-25,ETH,1.3102,28112542.32,0.5708
2025-03-25,SOL,1.3131,15674106.28,0.2003
2025-03-25,BNB,1.8563,12283795.1,0.3104
2025-03-25,XRP,0.8975,42837850.71,0.7158
2025-03-25,ADA,2.2585,29291711.78,0.399
2025-03-25,DOT,1.593,43836189.88,0.7591
2025-03-25,MATIC,1.8741,36003793.03,0.3231
2025-03-26,BTC,1.4661,9267139.53,0.3635
2025-03-26,ETH,2.0071,22887790.46,0.6945
2025-03-26,SOL,1.2812,32718225.49,0.664
2025-03-26,BNB,2.2636,26620209.88,0.7775
2025-03-26,XRP,1.6917,8631895.54,0.27
2025-03-26,ADA,1.1253,30161645.77,0.7456
2025-03-26,DOT,2.1554,6883487.85,0.6072
2025-03-26,MATIC,1.1048,14275386.69,0.5716
2025-03-27,BTC,1.7647,39692059.26,0.2317
2025-03-27,ETH,2.0187,33420820.07,0.4912
2025-03-27,SOL,1.567,39517901.76,0.3331
2025-03-27,BNB,2.3312,3644015.66,0.756
2025-03-27,XRP,2.3393,7927280.38,0.7997
2025-03-27,ADA,1.5663,13188913.64,0.5231
2025-03-27,DOT,1.1272,41435311.3,0.4865
2025-03-27,MATIC,2.0408,18987793.26,0.4736
2025-03-28,BTC,1.3748,13985588.35,0.459
2025-03-28,ETH,1.5956,7141545.73,0.7869
2025-03-28,SOL,1.5512,38268709.63,0.74
2025-03-28,BNB,1.3931,20385067.16,0.4938
2025-03-28,XRP,1.154,9128753.95,0.2825
2025-03-28,ADA,2.2956,27324002.89,0.3923
2025-03-28,DOT,1.0439,16854342.01,0.3659
2025-03-28,MATIC,2.1334,23970662.26,0.5582
2025-03-29,BTC,1.8958,13807723.82,0.6751
2025-03-29,ETH,2.3464,29951167.08,0.4434
2025-03-29,SOL,1.0692,36388971.6,0.2185
2025-03-29,BNB,1.9525,23509285.49,0.7418
2025-03-29,XRP,1.6674,29955997.45,0.1411
2025-03-29,ADA,0.8541,38561290.09,0.7616
2025-03-29,DOT,1.8691,35102231.43,0.3887
2025-03-29,MATIC,2.1481,12720202.47,0.595
2025-03-30,BTC,0.8146,24240782.63,0.3612
2025-03-30,ETH,1.7885,31003698.64,0.5316
2025-03-30,SOL,1.5731,23489884.13,0.1046
2025-03-30,BNB,1.6826,3497740.66,0.4706
2025-03-30,XRP,1.2396,44054132.63,0.112
2025-03-30,ADA,2.1011,31309383.99,0.6643
2025-03-30,DOT,2.2556,7494690.01,0.1674
2025-03-30,MATIC,1.0382,11061146.39,0.4685
2025-03-31,BTC,2.1043,14227638.94,0.3778
2025-03-31,ETH,1.3969,20053151.21,0.4955
2025-03-31,SOL,2.3844,12486004.61,0.5788
2025-03-31,BNB,2.1566,30456900.22,0.7008
2025-03-31,XRP,2.0153,6927021.23,0.3655
2025-03-31,ADA,1.6843,5356827.44,0.1066
2025-03-31,DOT,1.0742,23994052.51,0.4037
2025-03-31,MATIC,2.055,26765978.37,0.7006
2025-04-01,BTC,0.9526,25182685.8,0.1298
2025-04-01,ETH,1.1383,39460909.4,0.7213
2025-04-01,SOL,1.5608,4955602.77,0.152
2025-04-01,BNB,2.2809,40771089.34,0.4945
2025-04-01,XRP,0.8526,42008187.17,0.3201
2025-04-01,ADA,2.3384,27655516.37,0.6266
2025-04-01,DOT,1.9403,19728432.86,0.1539
2025-04-01,MATIC,1.0599,13099832.16,0.6843
2025-04-02,BTC,1.4227,40654082.21,0.3322
2025-04-02,ETH,2.009,8877924.96,0.7919
2025-04-02,SOL,1.9587,24033299.77,0.782
2025-04-02,BNB,0.8859,21357706.62,0.6871
2025-04-02,XRP,1.3449,35298237.44,0.7684
2025-04-02,ADA,1.4347,35489306.48,0.1207
2025-04-02,DOT,1.2373,44688606.89,0.4434
2025-04-02,MATIC,1.3693,42527999.49,0.4023
2025-04-03,BTC,1.8875,30748220.12,0.16
2025-04-03,ETH,1.7898,36518317.3,0.5992
2025-04-03,SOL,0.9313,9477280.48,0.5982
2025-04-03,BNB,1.8142,34065522.14,0.3217
2025-04-03,XRP,0.9705,3218199.34,0.3158
2025-04-03,ADA,1.3759,14330190.62,0.1928
2025-04-03,DOT,1.0998,21851434.43,0.4883
2025-04-03,MATIC,1.4529,4102999.97,0.3477
2025-04-04,BTC,0.9489,28117839.51,0.3271
2025-04-04,ETH,1.4164,15257588.75,0.3715
2025-04-04,SOL,0.9355,40847713.88,0.7336
2025-04-04,BNB,2.3651,27022338.09,0.2187
2025-04-04,XRP,1.4092,8831282.48,0.3108
2025-04-04,ADA,1.589,5657220.31,0.4043
2025-04-04,DOT,1.4738,23337715.19,0.1538
2025-04-04,MATIC,1.2027,13356782.87,0.5375
2025-04-05,BTC,1.7501,11213025.44,0.1749
2025-04-05,ETH,1.2875,42850585.42,0.3326
2025-04-05,SOL,1.7923,36771211.4,0.3307
2025-04-05,BNB,1.3356,37249969.74,0.7017
2025-04-05,XRP,2.3588,8717227.81,0.3245
2025-04-05,ADA,2.3156,11435762.53,0.3199
2025-04-05,DOT,2.3433,43686459.31,0.304
2025-04-05,MATIC,1.9119,23622307.14,0.5031
2025-04-06,BTC,1.1879,18794322.7,0.6715
2025-04-06,ETH,1.4287,7783288.59,0.4947
2025-04-06,SOL,1.7476,25916421.59,0.5772
2025-04-06,BNB,1.6802,43026193.68,0.4231
2025-04-06,XRP,1.9334,21415108.08,0.3039
2025-04-06,ADA,1.9085,37396553.86,0.657
2025-04-06,DOT,1.4546,23970735.04,0.5433
2025-04-06,MATIC,1.1872,30663844.68,0.6007
2025-04-07,BTC,2.0625,6106535.69,0.7935
2025-04-07,ETH,1.5668,19833814.09,0.4546
2025-04-07,SOL,2.2726,32051772.37,0.4806
2025-04-07,BNB,2.0652,18100238.71,0.7269
2025-04-07,XRP,1.659,29803575.41,0.1595
2025-04-07,ADA,2.0303,30619269.07,0.3485
2025-04-07,DOT,1.8352,4860461.13,0.7885
2025-04-07,MATIC,1.884,19783945.34,0.6269
2025-04-08,BTC,2.3451,21079132.84,0.1074
2025-04-08,ETH,1.214,24448402.1,0.4632
2025-04-08,SOL,1.7288,27159886.73,0.412
2025-04-08,BNB,1.4258,35438373.76,0.512
2025-04-08,XRP,1.6007,17488630.28,0.1172
2025-04-08,ADA,0.9673,20470968.0,0.7732
2025-04-08,DOT,0.9857,42508398.64,0.1992
2025-04-08,MATIC,1.299,22123970.68,0.2448
2025-04-09,BTC,1.5727,22998826.31,0.4067
2025-04-09,ETH,1.9148,16394197.92,0.3102
2025-04-09,SOL,2.0963,7833581.2,0.6944
2025-04-09,BNB,1.8368,31439851.98,0.215
2025-04-09,XRP,2.3742,13244343.76,0.2221
2025-04-09,ADA,1.0562,26513656.0,0.7709
2025-04-09,DOT,1.171,20011992.32,0.2291
2025-04-09,MATIC,1.8248,21149647.0,0.1204
2025-04-10,BTC,1.7826,11287626.3,0.5145
2025-04-10,ETH,1.4221,32598895.87,0.244
2025-04-10,SOL,2.0037,36966651.12,0.1438
2025-04-10,BNB,0.9628,39623131.86,0.2309
2025-04-10,XRP,1.3216,22217117.73,0.2836
2025-04-10,ADA,2.1802,25164030.82,0.5474
2025-04-10,DOT,1.7552,28674953.69,0.5109
2025-04-10,MATIC,1.3567,38511747.71,0.5322
2025-04-11,BTC,2.102,32651511.16,0.3082
2025-04-11,ETH,1.7832,6559582.68,0.1938
2025-04-11,SOL,0.9886,15825960.11,0.2281
2025-04-11,BNB,1.9095,24454644.52,0.3928
2025-04-11,XRP,1.0206,19115818.44,0.23
2025-04-11,ADA,1.8168,32124182.91,0.5517
2025-04-11,DOT,2.3998,26306328.18,0.4427
2025-04-11,MATIC,1.0245,16212360.62,0.4157
2025-04-12,BTC,0.8858,18079645.23,0.1067
2025-04-12,ETH,1.0185,37239069.51,0.7747
2025-04-12,SOL,1.6087,23788733.61,0.5793
2025-04-12,BNB,1.465,38275455.69,0.4421
2025-04-12,XRP,0.9323,4296149.64,0.6327
2025-04-12,ADA,1.2673,14543822.57,0.4763
2025-04-12,DOT,1.0691,22207498.27,0.6198
2025-04-12,MATIC,2.0255,26088499.75,0.1792
2025-04-13,BTC,0.9827,35554747.17,0.6763
2025-04-13,ETH,1.387,37549658.97,0.1291
2025-04-13,SOL,1.9504,25946837.54,0.7928
2025-04-13,BNB,0.9639,37862970.09,0.6259
2025-04-13,XRP,1.2763,44971132.11,0.4148
2025-04-13,ADA,1.3577,37302600.57,0.4073
2025-04-13,DOT,2.3903,35576529.29,0.2659
2025-04-13,MATIC,2.0971,27692803.67,0.3454
2025-04-14,BTC,1.9372,29576366.5,0.2162
2025-04-14,ETH,1.0228,11678025.56,0.2449
2025-04-14,SOL,0.895,17734250.12,0.2968
2025-04-14,BNB,1.662,16593451.87,0.5928
2025-04-14,XRP,1.2629,14228408.78,0.7006
2025-04-14,ADA,2.3768,31530571.27,0.1667
2025-04-14,DOT,2.3404,35999024.03,0.7431
2025-04-14,MATIC,2.388,39415998.8,0.1888
2025-04-15,BTC,2.1857,13486444.16,0.598
2025-04-15,ETH,2.1256,34981890.67,0.5734
2025-04-15,SOL,1.5831,27251872.23,0.2881
2025-04-15,BNB,1.4628,21983652.35,0.5435
2025-04-15,XRP,2.2082,6909980.93,0.4609
2025-04-15,ADA,1.2452,42326116.79,0.3583
2025-04-15,DOT,2.3204,16746149.77,0.1017
2025-04-15,MATIC,2.0386,33774409.11,0.6117
2025-04-16,BTC,1.5335,30894040.47,0.3508
2025-04-16,ETH,0.9013,25445827.5,0.2525
2025-04-16,SOL,1.4874,11897761.59,0.288
2025-04-16,BNB,2.1253,17185716.52,0.5046
2025-04-16,XRP,1.7058,23384191.97,0.3406
2025-04-16,ADA,1.8921,5033188.97,0.1697
2025-04-16,DOT,2.0542,22302434.03,0.187
2025-04-16,MATIC,2.1722,21534009.85,0.1005
2025-04-17,BTC,2.3329,11497364.67,0.582
2025-04-17,ETH,1.0111,30299882.37,0.2113
2025-04-17,SOL,2.2924,14508817.24,0.5582
2025-04-17,BNB,1.2006,18617438.24,0.7327
2025-04-17,XRP,1.0648,19646345.81,0.3139
2025-04-17,ADA,1.9191,12834041.34,0.5588
2025-04-17,DOT,1.9259,3045624.76,0.4338
2025-04-17,MATIC,1.0123,12500016.18,0.576
2025-04-18,BTC,0.8149,32215078.51,0.672
2025-04-18,ETH,2.381,20737185.22,0.1925
2025-04-18,SOL,0.9133,19088936.88,0.6115
2025-04-18,BNB,0.9639,16160762.05,0.7167
2025-04-18,XRP,1.0194,35485340.31,0.6272
2025-04-18,ADA,1.013,44703486.52,0.2
2025-04-18,DOT,1.6488,3355939.16,0.555
2025-04-18,MATIC,1.5042,33342145.11,0.5397
2025-04-19,BTC,1.0422,20291815.56,0.5806
2025-04-19,ETH,2.1759,6640897.41,0.1703
2025-04-19,SOL,2.0039,27762104.55,0.3688
2025-04-19,BNB,2.3412,16209154.06,0.1979
2025-04-19,XRP,1.2431,6538446.07,0.4874
2025-04-19,ADA,1.76,28518910.15,0.6453
2025-04-19,DOT,1.9048,38611468.39,0.5609
2025-04-19,MATIC,1.2826,24745463.37,0.4567
2025-04-20,BTC,1.9965,15412766.15,0.1382
2025-04-20,ETH,2.2367,43096203.48,0.4464
2025-04-20,SOL,0.9804,23982466.73,0.5158
2025-04-20,BNB,1.6453,44063271.81,0.7908
2025-04-20,XRP,2.2943,8543280.99,0.7026
2025-04-20,ADA,1.7094,18347323.44,0.5781
2025-04-20,DOT,2.0204,43087025.33,0.6393
2025-04-20,MATIC,0.8267,5836367.91,0.2835
2025-04-21,BTC,0.8637,5539692.1,0.6525
2025-04-21,ETH,1.6106,29399969.23,0.4507
2025-04-21,SOL,1.4647,32476046.82,0.1577
2025-04-21,BNB,1.6585,28873976.34,0.2942
2025-04-21,XRP,1.2959,24474797.33,0.2422
2025-04-21,ADA,2.0929,25528387.26,0.3735
2025-04-21,DOT,1.8149,38050111.71,0.5767
2025-04-21,MATIC,0.9058,32344387.03,0.611
2025-04-22,BTC,2.1543,5432049.65,0.1603
2025-04-22,ETH,1.4952,22041617.38,0.5262
2025-04-22,SOL,1.2949,34151127.38,0.6185
2025-04-22,BNB,0.9911,32731825.5,0.591
2025-04-22,XRP,1.0621,43026680.47,0.4661
2025-04-22,ADA,2.0528,33272151.76,0.2169
2025-04-22,DOT,1.0031,35807207.16,0.2881
2025-04-22,MATIC,2.2183,35400072.2,0.1205
2025-04-23,BTC,2.0914,14423184.99,0.1447
2025-04-23,ETH,1.9397,27219370.34,0.1539
2025-04-23,SOL,1.5283,18125203.61,0.4497
2025-04-23,BNB,1.707,18442886.67,0.2786
2025-04-23,XRP,0.9646,27104316.82,0.6059
2025-04-23,ADA,1.1654,24370645.17,0.1308
2025-04-23,DOT,2.1807,13271160.91,0.4302
2025-04-23,MATIC,1.4128,9303556.07,0.7518
2025-04-24,BTC,2.172,26220321.12,0.7398
2025-04-24,ETH,1.9851,20613510.78,0.3253
2025-04-24,SOL,1.466,33252092.7,0.2899
2025-04-24,BNB,0.9246,18657943.0,0.4514
2025-04-24,XRP,2.2431,10532462.71,0.663
2025-04-24,ADA,2.3703,43071335.11,0.1482
2025-04-24,DOT,1.5442,14856888.57,0.6914
2025-04-24,MATIC,1.3237,26229838.6,0.1056
2025-04-25,BTC,1.1211,26679883.11,0.3127
2025-04-25,ETH,1.7963,22484921.0,0.5142
2025-04-25,SOL,1.5894,35449757.04,0.2368
2025-04-25,BNB,2.2407,34940253.25,0.2716
2025-04-25,XRP,0.8102,20221516.6,0.2631
2025-04-25,ADA,1.3543,38262108.29,0.714
2025-04-25,DOT,2.3216,3061405.7,0.5601
2025-04-25,MATIC,2.1584,33543031.64,0.1728
2025-04-26,BTC,1.6477,13003038.97,0.4444
2025-04-26,ETH,0.8958,44872289.34,0.5982
2025-04-26,SOL,0.9488,41693524.92,0.7281
2025-04-26,BNB,1.6316,32435570.21,0.3607
2025-04-26,XRP,2.3593,6565901.54,0.1669
2025-04-26,ADA,1.0136,37438441.46,0.1524
2025-04-26,DOT,1.7085,21269280.89,0.775
2025-04-26,MATIC,1.1788,13961619.43,0.3205
2025-04-27,BTC,2.0813,32430475.47,0.6147
2025-04-27,ETH,1.3089,14422146.62,0.1523
2025-04-27,SOL,1.1243,35757353.26,0.5093
2025-04-27,BNB,1.0487,9903749.19,0.4262
2025-04-27,XRP,1.4504,25508831.06,0.7752
2025-04-27,ADA,1.1322,15948924.16,0.2855
2025-04-27,DOT,0.9919,9619845.84,0.5802
2025-04-27,MATIC,2.1222,32268875.3,0.1282
2025-04-28,BTC,2.1375,16767333.67,0.1638
2025-04-28,ETH,1.1972,17941195.73,0.4594
2025-04-28,SOL,1.8835,13927005.29,0.7935
2025-04-28,BNB,0.8497,19984473.51,0.4165
2025-04-28,XRP,1.9969,13493810.39,0.4234
2025-04-28,ADA,2.0862,8871307.65,0.1084
2025-04-28,DOT,2.1286,44267823.97,0.1915
2025-04-28,MATIC,2.1179,18634069.24,0.5412
2025-04-29,BTC,1.8315,27457599.66,0.2812
2025-04-29,ETH,2.1004,3915607.68,0.1451
2025-04-29,SOL,2.244,21624115.6,0.1902
2025-04-29,BNB,2.2481,37832959.44,0.3321
2025-04-29,XRP,0.8683,22361786.72,0.2176
2025-04-29,ADA,1.7182,37510786.86,0.3765
2025-04-29,DOT,0.8472,31694942.5,0.221
2025-04-29,MATIC,1.1435,10860346.78,0.2959
2025-04-30,BTC,2.2135,4455276.64,0.5334
2025-04-30,ETH,1.1933,15394416.85,0.3884
2025-04-30,SOL,1.6811,5561120.9,0.2958
2025-04-30,BNB,1.0196,11377227.88,0.7193
2025-04-30,XRP,1.6413,29491684.33,0.6615
2025-04-30,ADA,2.0718,44554951.86,0.6473
2025-04-30,DOT,1.3746,25869747.85,0.4393
2025-04-30,MATIC,2.2603,24100516.73,0.3719
